Workbook

Sheet Valve company
A1: Date | B1: Open | C1: High | D1: Low | E1: Close | F1: Adj Close | G1: Volume | J1: Finance.yahoo.com
A2: 46078 | B2: 81.6 | C2: 82.5 | D2: 81.6 | E2: 82 | F2: 82 | G2: 17315
A3: 46076 | B3: 82 | C3: 82.5 | D3: 82 | E3: 82 | F3: 82 | G3: 60011 | J3: Value Valves Co., Ltd. (4580.TWO)
A4: 46069 | B4: 82 | C4: 82 | D4: 82 | E4: 82 | F4: 82 | G4: -
A5: 46062 | B5: 80.8 | C5: 82.4 | D5: 80.8 | E5: 82 | F5: 82 | G5: 117182
A6: 46055 | B6: 81 | C6: 82.6 | D6: 80.5 | E6: 80.8 | F6: 80.8 | G6: 135888
A7: 46048 | B7: 82.7 | C7: 82.8 | D7: 81 | E7: 81.7 | F7: 81.7 | G7: 181097
A8: 46041 | B8: 81.8 | C8: 83.4 | D8: 81.5 | E8: 82.7 | F8: 82.7 | G8: 346716
A9: 46034 | B9: 81.2 | C9: 82.8 | D9: 80.8 | E9: 81.7 | F9: 81.7 | G9: 242509
A10: 46027 | B10: 81.6 | C10: 81.8 | D10: 80.5 | E10: 81.1 | F10: 81.1 | G10: 196605
A11: 46020 | B11: 81.9 | C11: 82.3 | D11: 80.3 | E11: 81.6 | F11: 81.6 | G11: 151305
A12: 46013 | B12: 81.9 | C12: 82.7 | D12: 81 | E12: 81.9 | F12: 81.9 | G12: 188041
A13: 46006 | B13: 80.7 | C13: 82.4 | D13: 80.2 | E13: 81.9 | F13: 81.9 | G13: 240711
A14: 45999 | B14: 82.5 | C14: 83.2 | D14: 80.9 | E14: 81.2 | F14: 81.2 | G14: 188055
A15: 45992 | B15: 81.2 | C15: 83.5 | D15: 80.5 | E15: 82.5 | F15: 82.5 | G15: 200038
A16: 45985 | B16: 80.8 | C16: 82 | D16: 80.4 | E16: 81.2 | F16: 81.2 | G16: 184039
... A32: 45873 | B32: 76.4 | C32: 78.5 | D32: 76 | E32: 77.4 | F32: 77.4 | G32: 182000
A33: 45867 | B33: 5.001717 Dividend
A34: 45866 | B34: 81.8 | C34: 82.2 | D34: 75 | E34: 77 | F34: 72.3 | G34: 410190
A35: 45859 | B35: 81.1 | C35: 81.9 | D35: 80.1 | E35: 81.1 | F35: 76.15 | G35: 260772
A36: 45852 | B36: 80.9 | C36: 82.5 | D36: 80.2 | E36: 81.5 | F36: 76.53 | G36: 192456
A37: 45845 | B37: 79.4 | C37: 80.7 | D37: 78.6 | E37: 80.7 | F37: 75.78 | G37: 189084
A38: 45838 | B38: 79.6 | C38: 80 | D38: 79.1 | E38: 79.4 | F38: 74.56 | G38: 126000
A39: 45831 | B39: 78.5 | C39: 81 | D39: 78.2 | E39: 79.6 | F39: 74.74 | G39: 179112
A40: 45824 | B40: 79.2 | C40: 79.9 | D40: 78.8 | E40: 79 | F40: 74.18 | G40: 204340
A41: 45817 | B41: 80.1 | C41: 81.3 | D41: 79.1 | E41: 79.6 | F41: 74.74 | G41: 233079
A42: 45810 | B42: 80.5 | C42: 82.5 | D42: 79.1 | E42: 80.6 | F42: 75.68 | G42: 228316
A43: 45803 | B43: 80.6 | C43: 80.9 | D43: 80 | E43: 80.7 | F43: 75.78 | G43: 85118
A44: 45796 | B44: 80.7 | C44: 81.9 | D44: 80.1 | E44: 80.7 | F44: 75.78 | G44: 205700
A45: 45789 | B45: 80.5 | C45: 82.8 | D45: 80 | E45: 80.7 | F45: 75.78 | G45: 687084
... A56: 45712 | B56: 94.5 | C56: 94.8 | D56: 94 | E56: 94 | F56: 88.27 | G56: 110235

Sheet Take-Two company
A1: Date | B1: Open | C1: High | D1: Low | E1: Close | F1: Adj Close | G1: Volume | J1: Finance.yahoo.com
A2: 46077 | B2: 194.77 | C2: 204.51 | D2: 192.63 | E2: 204.19 | F2: 204.19 | G2: 1957116
A3: 46076 | B3: 199.17 | C3: 204.51 | D3: 192.63 | E3: 204.19 | F3: 204.19 | G3: 3943900 | J3: Take-Two Interactive Software, Inc. (TTWO)
A4: 46069 | B4: 193.65 | C4: 204.6 | D4: 191.88 | E4: 199.72 | F4: 199.72 | G4: 8104000
A5: 46062 | B5: 197.5 | C5: 213.53 | D5: 188.65 | E5: 193.67 | F5: 193.67 | G5: 20077700
A6: 46055 | B6: 225.51 | C6: 229.08 | D6: 189.45 | E6: 195.59 | F6: 195.59 | G6: 22451300
A7: 46048 | B7: 245.57 | C7: 248.55 | D7: 211.13 | E7: 220.3 | F7: 220.3 | G7: 14938000
A8: 46041 | B8: 239 | C8: 245.82 | D8: 233.85 | E8: 245.73 | F8: 245.73 | G8: 5418400
A9: 46034 | B9: 249.04 | C9: 251.21 | D9: 239 | E9: 240.14 | F9: 240.14 | G9: 6592600
A10: 46027 | B10: 252.43 | C10: 258.56 | D10: 249.34 | E10: 250.71 | F10: 250.71 | G10: 5804600
A11: 46020 | B11: 255 | C11: 260.04 | D11: 250.2 | E11: 251.6 | F11: 251.6 | G11: 4275500
A12: 46013 | B12: 247.4 | C12: 256.29 | D12: 247.06 | E12: 256.09 | F12: 256.09 | G12: 3139300
A13: 46006 | B13: 244.28 | C13: 250.38 | D13: 240.28 | E13: 247.4 | F13: 247.4 | G13: 10695100
A14: 45999 | B14: 248.52 | C14: 250.18 | D14: 240.5 | E14: 241.47 | F14: 241.47 | G14: 6611000
A15: 45992 | B15: 246.07 | C15: 251.34 | D15: 242.19 | E15: 247.88 | F15: 247.88 | G15: 6253600
... A55: 45712 | B55: 213.21 | C55: 213.7 | D55: 206.07 | E55: 211.98 | F55: 211.98 | G55: 7390600

Sheet Combine
A1: Date | B1: 4580.TWO | C1: TTWO | D1: Weekly return for 4580.TWO | E1: Weekly return for TTWO | H1: Dataset Descriptions | L1: Covariance & Correlation coefficient | Q1: Sharpe Ratio | U1: Comparison of risk (Variance)
A2: 46078 | B2: =ifna(vlookup(A2,'Valve company'!A:F,6,0),"") -> 82 | C2: 204.51 | D2: =ifna(B2/B3-1,"") -> 0 | E2: =ifna(C2/C3-1,"") -> 0.0015671678 | I2: 4580.TWO | J2: TTWO | L2: Covariance | M2: =_xlfn.COVARIANCE.S(D:D,E:E) -> -3.0104286e-05 | R2: 4580.TWO | S2: TTWO | U2: Valve Company | V2: V
A3: 46077 | B3: 82 | C3: =ifna(vlookup(A3,'Take-Two company'!A:F,6,0),"") -> 204.19 | D3: =ifna(B3/B4-1,"") -> 0 | E3: =ifna(C3/C4-1,"") -> 0 | H3: Max | I3: =MAX(D:D) -> 0.071428571 | J3: =MAX(E:E) -> 0.089885908 | L3: Correlation coefficient | M3: =CORREL(D:D,E:E) -> -0.031962194 | Q3: Sharpe ratio | R3: =(I16-R6)/I19 -> -0.074625949 | S3: =(J16-R6)/J19 -> -0.017808856 | U3: Take-Two Company | V3: T
A4: 46076 | B4: =ifna(vlookup(A4,'Valve company'!A:F,6,0),"") -> 82 | C4: =ifna(vlookup(A4,'Take-Two company'!A:F,6,0),"") -> 204.19 | D4: =ifna(B4/B5-1,"") -> 0 | E4: =ifna(C4/C5-1,"") -> 0.022381334 | H4: Min | I4: =MIN(D:D) -> -0.081967213 | J4: =MIN(E:E) -> -0.11216523 | U4: H0: | V4: σ^2(T)​=σ^2(V)​
A5: 46069 | B5: =ifna(vlookup(A5,'Valve company'!A:F,6,0),"") -> 82 | C5: =ifna(vlookup(A5,'Take-Two company'!A:F,6,0),"") -> 199.72 | D5: =ifna(B5/B6-1,"") -> 0 | E5: =ifna(C5/C6-1,"") -> 0.031238705 | H5: Range | I5: =I3-I4 -> 0.15339578 | J5: =J3-J4 -> 0.20205114 | Q5: One year T.bill | R5: 0.0396 | U5: HA: | V5: σ^2(T) >​σ^2(V)​
A6: 46062 | B6: =ifna(vlookup(A6,'Valve company'!A:F,6,0),"") -> 82 | C6: =ifna(vlookup(A6,'Take-Two company'!A:F,6,0),"") -> 193.67 | D6: =ifna(B6/B7-1,"") -> 0.014851485 | E6: =ifna(C6/C7-1,"") -> -0.0098164528 | Q6: One week T.bill | R6: =R5/52 -> 0.00076153846
A7: 46055 | B7: =ifna(vlookup(A7,'Valve company'!A:F,6,0),"") -> 80.8 | C7: =ifna(vlookup(A7,'Take-Two company'!A:F,6,0),"") -> 195.59 | D7: =ifna(B7/B8-1,"") -> -0.011015912 | E7: =ifna(C7/C8-1,"") -> -0.11216523 | H7: Q3 | I7: =_xlfn.PERCENTILE.INC(D:D,0.75) -> 0.0083528184 | J7: =(_xlfn.PERCENTILE.INC(E:E,0.75)) -> 0.024237959 | U7: n | V7: 54
A8: 46048 | B8: =ifna(vlookup(A8,'Valve company'!A:F,6,0),"") -> 81.7 | C8: =ifna(vlookup(A8,'Take-Two company'!A:F,6,0),"") -> 220.3 | D8: =ifna(B8/B9-1,"") -> -0.012091898 | E8: =ifna(C8/C9-1,"") -> -0.10348757 | H8: Q1 | I8: =(_xlfn.PERCENTILE.INC(D:D,0.25)) -> -0.011228554 | J8: =(_xlfn.PERCENTILE.INC(E:E,0.25)) -> -0.01678781 | U8: df1 | V8: 53
A9: 46041 | B9: =ifna(vlookup(A9,'Valve company'!A:F,6,0),"") -> 82.7 | C9: =ifna(vlookup(A9,'Take-Two company'!A:F,6,0),"") -> 245.73 | D9: =ifna(B9/B10-1,"") -> 0.012239902 | E9: =ifna(C9/C10-1,"") -> 0.023278088 | H9: IQR | I9: =I7-I8 -> 0.019581373 | J9: =J7-J8 -> 0.041025769 | U9: df2 | V9: 53
A10: 46034 | B10: =ifna(vlookup(A10,'Valve company'!A:F,6,0),"") -> 81.7 | C10: =ifna(vlookup(A10,'Take-Two company'!A:F,6,0),"") -> 240.14 | D10: =ifna(B10/B11-1,"") -> 0.0073982737 | E10: =ifna(C10/C11-1,"") -> -0.042160265 | H10: Fence | I10: =I9*1.5 -> 0.029372059 | J10: =J9*1.5 -> 0.061538653 | U10: F(df1, df2) | V10: S(T)/S(V)
A11: 46027 | B11: =ifna(vlookup(A11,'Valve company'!A:F,6,0),"") -> 81.1 | C11: =ifna(vlookup(A11,'Take-Two company'!A:F,6,0),"") -> 250.71 | D11: =ifna(B11/B12-1,"") -> -0.006127451 | E11: =ifna(C11/C12-1,"") -> -0.0035373609 | H11: Upper fence | I11: =I7+I10 -> 0.037724877 | J11: =J7+J10 -> 0.085776612 | U11: F(53, 53) | V11: =J18/I18 -> 2.4589434
A12: 46020 | B12: =ifna(vlookup(A12,'Valve company'!A:F,6,0),"") -> 81.6 | C12: =ifna(vlookup(A12,'Take-Two company'!A:F,6,0),"") -> 251.6 | D12: =ifna(B12/B13-1,"") -> -0.0036630037 | E12: =ifna(C12/C13-1,"") -> -0.017532899 | H12: Lower fence | I12: =I8-I10 -> -0.040600613 | J12: =J8-J10 -> -0.078326463 | U12: P | V12: =_xlfn.F.DIST.RT(V11,53,53) -> 0.00066991668
A13: 46013 | B13: =ifna(vlookup(A13,'Valve company'!A:F,6,0),"") -> 81.9 | C13: =ifna(vlookup(A13,'Take-Two company'!A:F,6,0),"") -> 256.09 | D13: =ifna(B13/B14-1,"") -> 0 | E13: =ifna(C13/C14-1,"") -> 0.035125303 | U13: Reject H0 at 5% significane level
A14: 46006 | B14: =ifna(vlookup(A14,'Valve company'!A:F,6,0),"") -> 81.9 | C14: =ifna(vlookup(A14,'Take-Two company'!A:F,6,0),"") -> 247.4 | D14: =ifna(B14/B15-1,"") -> 0.0086206897 | E14: =ifna(C14/C15-1,"") -> 0.024557916 | H14: Z min | I14: =(I4-I16)/I19 -> -3.3009488 | J14: =(J4-J16)/J19 -> -2.9206113
A15: 45999 | B15: =ifna(vlookup(A15,'Valve company'!A:F,6,0),"") -> 81.2 | C15: =ifna(vlookup(A15,'Take-Two company'!A:F,6,0),"") -> 241.47 | D15: =ifna(B15/B16-1,"") -> -0.015757576 | E15: =ifna(C15/C16-1,"") -> -0.025859287 | H15: Z max | I15: =(I3-I16)/I19 -> 2.9580474 | J15: =(J3-J16)/J19 -> 2.3368768
A16: 45992 | B16: =ifna(vlookup(A16,'Valve company'!A:F,6,0),"") -> 82.5 | C16: =ifna(vlookup(A16,'Take-Two company'!A:F,6,0),"") -> 247.88 | D16: =ifna(B16/B17-1,"") -> 0.016009852 | E16: =ifna(C16/C17-1,"") -> 0.0073556305 | H16: Mean | I16: =AVERAGE(D:D) -> -0.001067398 | J16: =AVERAGE(E:E) -> 7.7124216e-05
A17: 45985 | B17: =ifna(vlookup(A17,'Valve company'!A:F,6,0),"") -> 81.2 | C17: =ifna(vlookup(A17,'Take-Two company'!A:F,6,0),"") -> 246.07 | D17: =ifna(B17/B18-1,"") -> 0.004950495 | E17: =ifna(C17/C18-1,"") -> 0.04501635 | H17: Mean Absolute Deviation | I17: =AVEDEV(D:D)*54/53 -> 0.015411184 | J17: =AVEDEV(E:E)*54/53 -> 0.028117006
A18: 45978 | B18: =ifna(vlookup(A18,'Valve company'!A:F,6,0),"") -> 80.8 | C18: =ifna(vlookup(A18,'Take-Two company'!A:F,6,0),"") -> 235.47 | D18: =ifna(B18/B19-1,"") -> -0.01703163 | E18: =ifna(C18/C19-1,"") -> 0.0018721014 | H18: Sample Variance | I18: =_xlfn.VAR.S(D:D) -> 0.00060064446 | J18: =_xlfn.VAR.S(E:E) -> 0.0014769507
A19: 45971 | B19: =ifna(vlookup(A19,'Valve company'!A:F,6,0),"") -> 82.2 | C19: =ifna(vlookup(A19,'Take-Two company'!A:F,6,0),"") -> 235.03 | D19: =ifna(B19/B20-1,"") -> -0.004842615 | E19: =ifna(C19/C20-1,"") -> 0.013060345 | H19: Sample Standard Deviation | I19: =_xlfn.STDEV.S(D:D) -> 0.024508049 | J19: =_xlfn.STDEV.S(E:E) -> 0.038431117
A20: 45964 | B20: =ifna(vlookup(A20,'Valve company'!A:F,6,0),"") -> 82.6 | C20: =ifna(vlookup(A20,'Take-Two company'!A:F,6,0),"") -> 232 | D20: =ifna(B20/B21-1,"") -> -0.013142174 | E20: =ifna(C20/C21-1,"") -> -0.095057924 | H20: CV | I20: =I19/I16 -> -22.960555 | J20: =J19/J16 -> 498.30156
A21: 45957 | B21: =ifna(vlookup(A21,'Valve company'!A:F,6,0),"") -> 83.7 | C21: =ifna(vlookup(A21,'Take-Two company'!A:F,6,0),"") -> 256.37 | D21: =ifna(B21/B22-1,"") -> -0.0082938389 | E21: =ifna(C21/C22-1,"") -> 0.0048996551
A22: 45950 | B22: =ifna(vlookup(A22,'Valve company'!A:F,6,0),"") -> 84.4 | C22: =ifna(vlookup(A22,'Take-Two company'!A:F,6,0),"") -> 255.12 | D22: =ifna(B22/B23-1,"") -> -0.0082256169 | E22: =ifna(C22/C23-1,"") -> -0.023837765
A23: 45943 | B23: =ifna(vlookup(A23,'Valve company'!A:F,6,0),"") -> 85.1 | C23: =ifna(vlookup(A23,'Take-Two company'!A:F,6,0),"") -> 261.35 | D23: =ifna(B23/B24-1,"") -> -0.013904983 | E23: =ifna(C23/C24-1,"") -> 0.037226654
A24: 45936 | B24: =ifna(vlookup(A24,'Valve company'!A:F,6,0),"") -> 86.3 | C24: =ifna(vlookup(A24,'Take-Two company'!A:F,6,0),"") -> 251.97 | D24: =ifna(B24/B25-1,"") -> -0.013714286 | E24: =ifna(C24/C25-1,"") -> -0.022159267
A25: 45929 | B25: =ifna(vlookup(A25,'Valve company'!A:F,6,0),"") -> 87.5 | C25: =ifna(vlookup(A25,'Take-Two company'!A:F,6,0),"") -> 257.68 | D25: =ifna(B25/B26-1,"") -> -0.011299435 | E25: =ifna(C25/C26-1,"") -> 0.0060908949
A26: 45922 | B26: =ifna(vlookup(A26,'Valve company'!A:F,6,0),"") -> 88.5 | C26: =ifna(vlookup(A26,'Take-Two company'!A:F,6,0),"") -> 256.12 | D26: =ifna(B26/B27-1,"") -> -0.027472527 | E26: =ifna(C26/C27-1,"") -> 0.021008571
A27: 45915 | B27: =ifna(vlookup(A27,'Valve company'!A:F,6,0),"") -> 91 | C27: =ifna(vlookup(A27,'Take-Two company'!A:F,6,0),"") -> 250.85 | D27: =ifna(B27/B28-1,"") -> 0.011111111 | E27: =ifna(C27/C28-1,"") -> 0.018638837
A28: 45908 | B28: =ifna(vlookup(A28,'Valve company'!A:F,6,0),"") -> 90 | C28: =ifna(vlookup(A28,'Take-Two company'!A:F,6,0),"") -> 246.26 | D28: =ifna(B28/B29-1,"") -> 0.071428571 | E28: =ifna(C28/C29-1,"") -> 0.027453271
A29: 45901 | B29: =ifna(vlookup(A29,'Valve company'!A:F,6,0),"") -> 84 | C29: =ifna(vlookup(A29,'Take-Two company'!A:F,6,0),"") -> 239.68 | D29: =ifna(B29/B30-1,"") -> 0.044776119 | E29: =ifna(C29/C30-1,"") -> 0.027478887
A30: 45894 | B30: =ifna(vlookup(A30,'Valve company'!A:F,6,0),"") -> 80.4 | C30: =ifna(vlookup(A30,'Take-Two company'!A:F,6,0),"") -> 233.27 | D30: =ifna(B30/B31-1,"") -> 0.00124533 | E30: =ifna(C30/C31-1,"") -> 0.018512859
A31: 45887 | B31: =ifna(vlookup(A31,'Valve company'!A:F,6,0),"") -> 80.3 | C31: =ifna(vlookup(A31,'Take-Two company'!A:F,6,0),"") -> 229.03 | D31: =ifna(B31/B32-1,"") -> 0.022929936 | E31: =ifna(C31/C32-1,"") -> -0.01356706
A32: 45880 | B32: =ifna(vlookup(A32,'Valve company'!A:F,6,0),"") -> 78.5 | C32: =ifna(vlookup(A32,'Take-Two company'!A:F,6,0),"") -> 232.18 | D32: =ifna(B32/B33-1,"") -> 0.014211886 | E32: =ifna(C32/C33-1,"") -> 0.068132677
... A55: 45719 | B55: =ifna(vlookup(A55,'Valve company'!A:F,6,0),"") -> 87.7 | C55: =ifna(vlookup(A55,'Take-Two company'!A:F,6,0),"") -> 204.33 | D55: =ifna(B55/B56-1,"") -> -0.0064574601 | E55: =ifna(C55/C56-1,"") -> -0.03608831
A56: 45712 | B56: =ifna(vlookup(A56,'Valve company'!A:F,6,0),"") -> 88.27 | C56: =ifna(vlookup(A56,'Take-Two company'!A:F,6,0),"") -> 211.98

Sheet S&P500
A1: Date | B1: Adj Close | C1: Weekly return | H1: Date | I1: Open | J1: High | K1: Low | L1: Close | M1: Adj Close | N1: Volume
A2: 46076 | B2: 6890.07 | C2: =B2/B3 - 1 -> -0.0028135135 | H2: 46076 | I2: 6901.25 | J2: 6916.96 | K2: 6815.43 | L2: 6890.07 | M2: 6890.07 | N2: 10904440000
A3: 46069 | B3: 6909.51 | C3: =B3/B4 - 1 -> 0.010728229 | H3: 46069 | I3: 6819.86 | J3: 6915.86 | K3: 6775.5 | L3: 6909.51 | M3: 6909.51 | N3: 21100810000
A4: 46062 | B4: 6836.17 | C4: =B4/B5 - 1 -> -0.013866971 | H4: 46062 | I4: 6917.26 | J4: 6993.48 | K4: 6794.55 | L4: 6836.17 | M4: 6836.17 | N4: 30258780000
A5: 46055 | B5: 6932.3 | C5: =B5/B6 - 1 -> -0.00096987619 | H5: 46055 | I5: 6916.64 | J5: 6993.08 | K5: 6780.13 | L5: 6932.3 | M5: 6932.3 | N5: 33538260000
A6: 46048 | B6: 6939.03 | C6: =B6/B7 - 1 -> 0.0033865415 | H6: 46048 | I6: 6923.23 | J6: 7002.28 | K6: 6870.8 | L6: 6939.03 | M6: 6939.03 | N6: 29382560000
A7: 46041 | B7: 6915.61 | C7: =B7/B8 - 1 -> -0.0035158451 | H7: 46041 | I7: 6865.24 | J7: 6934.75 | K7: 6789.05 | L7: 6915.61 | M7: 6915.61 | N7: 21784530000
A8: 46034 | B8: 6940.01 | C8: =B8/B9 - 1 -> -0.0037710227 | H8: 46034 | I8: 6944.12 | J8: 6986.33 | K8: 6885.74 | L8: 6940.01 | M8: 6940.01 | N8: 26112200000
A9: 46027 | B9: 6966.28 | C9: =B9/B10 - 1 -> 0.015719249 | H9: 46027 | I9: 6892.19 | J9: 6978.36 | K9: 6891.56 | L9: 6966.28 | M9: 6966.28 | N9: 26993190000
A10: 46020 | B10: 6858.47 | C10: =B10/B11 - 1 -> -0.010313221 | H10: 46020 | I10: 6903.6 | J10: 6920.21 | K10: 6824.31 | L10: 6858.47 | M10: 6858.47 | N10: 14297630000
A11: 46013 | B11: 6929.94 | C11: =B11/B12 - 1 -> 0.013964445 | H11: 46013 | I11: 6865.21 | J11: 6945.77 | K11: 6855.74 | L11: 6929.94 | M11: 6929.94 | N11: 12670410000
A12: 46006 | B12: 6834.5 | C12: =B12/B13 - 1 -> 0.0010384611 | H12: 46006 | I12: 6860.19 | J12: 6861.59 | K12: 6720.43 | L12: 6834.5 | M12: 6834.5 | N12: 28736560000
A13: 45999 | B13: 6827.41 | C13: =B13/B14 - 1 -> -0.0062572776 | H13: 45999 | I13: 6875.2 | J13: 6903.46 | K13: 6801.79 | L13: 6827.41 | M13: 6827.41 | N13: 24722970000
A14: 45992 | B14: 6870.4 | C14: =B14/B15 - 1 -> 0.0031113622 | H14: 45992 | I14: 6812.3 | J14: 6895.78 | K14: 6799.94 | L14: 6870.4 | M14: 6870.4 | N14: 23685440000
A15: 45985 | B15: 6849.09 | C15: =B15/B16 - 1 -> 0.037270994 | D15: SNP - Delayed Quote • USD | H15: 45985 | I15: 6636.54 | J15: 6850.86 | K15: 6630.7 | L15: 6849.09 | M15: 6849.09 | N15: 18086610000
A16: 45978 | B16: 6602.99 | C16: =B16/B17 - 1 -> -0.019471021 | D16: S&P 500 (^GSPC) | H16: 45978 | I16: 6713.61 | J16: 6770.35 | K16: 6521.92 | L16: 6602.99 | M16: 6602.99 | N16: 26911230000
A17: 45971 | B17: 6734.11 | C17: =B17/B18 - 1 -> 0.00078914517 | D17: At close: February 23 at 4:34:12 PM EST | H17: 45971 | I17: 6785.36 | J17: 6869.91 | K17: 6646.87 | L17: 6734.11 | M17: 6734.11 | N17: 26159530000
A18: 45964 | B18: 6728.8 | C18: =B18/B19 - 1 -> -0.016286074 | D18: Currency in USD | H18: 45964 | I18: 6882.32 | J18: 6882.32 | K18: 6631.44 | L18: 6728.8 | M18: 6728.8 | N18: 29722800000
A19: 45957 | B19: 6840.2 | C19: =B19/B20 - 1 -> 0.0071425521 | H19: 45957 | I19: 6845.46 | J19: 6920.34 | K19: 6814.26 | L19: 6840.2 | M19: 6840.2 | N19: 29717690000
A20: 45950 | B20: 6791.69 | C20: =B20/B21 - 1 -> 0.019159635 | H20: 45950 | I20: 6690.05 | J20: 6807.11 | K20: 6655.69 | L20: 6791.69 | M20: 6791.69 | N20: 26251170000
A21: 45943 | B21: 6664.01 | C21: =B21/B22 - 1 -> 0.01701638 | H21: 45943 | I21: 6622.53 | J21: 6724.12 | K21: 6555.07 | L21: 6664.01 | M21: 6664.01 | N21: 28010240000
A22: 45936 | B22: 6552.51 | C22: =B22/B23 - 1 -> -0.024312851 | H22: 45936 | I22: 6733.86 | J22: 6764.58 | K22: 6550.78 | L22: 6552.51 | M22: 6552.51 | N22: 28515370000
A23: 45929 | B23: 6715.79 | C23: =B23/B24 - 1 -> 0.010850881 | H23: 45929 | I23: 6661.58 | J23: 6750.87 | K23: 6641 | L23: 6715.79 | M23: 6715.79 | N23: 28583160000
A24: 45922 | B24: 6643.7 | C24: =B24/B25 - 1 -> -0.0031000726 | H24: 45922 | I24: 6654.28 | J24: 6699.52 | K24: 6569.22 | L24: 6643.7 | M24: 6643.7 | N24: 27713200000
A25: 45915 | B25: 6664.36 | C25: =B25/B26 - 1 -> 0.012160764 | H25: 45915 | I25: 6603.49 | J25: 6671.82 | K25: 6551.15 | L25: 6664.36 | M25: 6664.36 | N25: 30628230000
A26: 45908 | B26: 6584.29 | C26: =B26/B27 - 1 -> 0.015858983 | H26: 45908 | I26: 6498.09 | J26: 6600.21 | K26: 6483.08 | L26: 6584.29 | M26: 6584.29 | N26: 25330960000
A27: 45901 | B27: 6481.5 | C27: =B27/B28 - 1 -> 0.0032877934 | H27: 45901 | I27: 6401.51 | J27: 6532.65 | K27: 6360.58 | L27: 6481.5 | M27: 6481.5 | N27: 18986250000
A28: 45894 | B28: 6460.26 | C28: =B28/B29 - 1 -> -0.0010283118 | H28: 45894 | I28: 6457.67 | J28: 6508.23 | K28: 6429.21 | L28: 6460.26 | M28: 6460.26 | N28: 21589030000
A29: 45887 | B29: 6466.91 | C29: =B29/B30 - 1 -> 0.0026527954 | H29: 45887 | I29: 6445.02 | J29: 6478.89 | K29: 6343.86 | L29: 6466.91 | M29: 6466.91 | N29: 22070540000
A30: 45880 | B30: 6449.8 | C30: =B30/B31 - 1 -> 0.0094452574 | H30: 45880 | I30: 6389.67 | J30: 6481.34 | K30: 6364.06 | L30: 6449.8 | M30: 6449.8 | N30: 24020760000
... A53: 45719 | B53: 5770.2 | C53: =B53/B54 - 1 -> -0.030951381 | H53: 45719 | I53: 5968.33 | J53: 5986.09 | K53: 5666.29 | L53: 5770.2 | M53: 5770.2 | N53: 27908150000
A54: 45712 | B54: 5954.5 | H54: 45712 | I54: 6026.69 | J54: 6043.65 | K54: 5837.66 | L54: 5954.5 | M54: 5954.5 | N54: 26733210000

Sheet Regression
A1: Date | B1: Take-Two weekly excess return (return − risk-free rate) | C1: S&P 500 weekly excess return (return − risk-free rate)
A2: 46076 | B2: =vlookup(A2,Combine!A3:D58,4,0) -> 0 | C2: =VLOOKUP(A2,'S&P500'!A1:C54,3,0) -> -0.0028135135 | G2: ВЫВОД ИТОГОВ
A3: 46069 | B3: =vlookup(A3,Combine!A4:D59,4,0) -> 0 | C3: =VLOOKUP(A3,'S&P500'!A1:C54,3,0) -> 0.010728229
A4: 46062 | B4: =vlookup(A4,Combine!A5:D60,4,0) -> 0.014851485 | C4: =VLOOKUP(A4,'S&P500'!A2:C55,3,0) -> -0.013866971 | G4: Регрессионная статистика
A5: 46055 | B5: =vlookup(A5,Combine!A6:D61,4,0) -> -0.011015912 | C5: =VLOOKUP(A5,'S&P500'!A3:C56,3,0) -> -0.00096987619 | G5: Множественный R | H5: 0.108797
A6: 46048 | B6: =vlookup(A6,Combine!A7:D62,4,0) -> -0.012091898 | C6: =VLOOKUP(A6,'S&P500'!A4:C57,3,0) -> 0.0033865415 | G6: R-квадрат | H6: 0.011837
A7: 46041 | B7: =vlookup(A7,Combine!A8:D63,4,0) -> 0.012239902 | C7: =VLOOKUP(A7,'S&P500'!A5:C58,3,0) -> -0.0035158451 | G7: Нормированный R-квадрат | H7: -0.00793
A8: 46034 | B8: =vlookup(A8,Combine!A9:D64,4,0) -> 0.0073982737 | C8: =VLOOKUP(A8,'S&P500'!A6:C59,3,0) -> -0.0037710227 | G8: Стандартная ошибка | H8: 0.025081
A9: 46027 | B9: =vlookup(A9,Combine!A10:D65,4,0) -> -0.006127451 | C9: =VLOOKUP(A9,'S&P500'!A7:C60,3,0) -> 0.015719249 | G9: Наблюдения | H9: 52
A10: 46020 | B10: =vlookup(A10,Combine!A11:D66,4,0) -> -0.0036630037 | C10: =VLOOKUP(A10,'S&P500'!A8:C61,3,0) -> -0.010313221
A11: 46013 | B11: =vlookup(A11,Combine!A12:D67,4,0) -> 0 | C11: =VLOOKUP(A11,'S&P500'!A9:C62,3,0) -> 0.013964445 | G11: Дисперсионный анализ
A12: 46006 | B12: =vlookup(A12,Combine!A13:D68,4,0) -> 0.0086206897 | C12: =VLOOKUP(A12,'S&P500'!A10:C63,3,0) -> 0.0010384611 | H12: df | I12: SS | J12: MS | K12: F | L12: Значимость F
A13: 45999 | B13: =vlookup(A13,Combine!A14:D69,4,0) -> -0.015757576 | C13: =VLOOKUP(A13,'S&P500'!A11:C64,3,0) -> -0.0062572776 | G13: Регрессия | H13: 1 | I13: 0.000377 | J13: 0.000377 | K13: 0.59893 | L13: 0.442631
A14: 45992 | B14: =vlookup(A14,Combine!A15:D70,4,0) -> 0.016009852 | C14: =VLOOKUP(A14,'S&P500'!A12:C65,3,0) -> 0.0031113622 | G14: Остаток | H14: 50 | I14: 0.031453 | J14: 0.000629
A15: 45985 | B15: =vlookup(A15,Combine!A16:D71,4,0) -> 0.004950495 | C15: =VLOOKUP(A15,'S&P500'!A13:C66,3,0) -> 0.037270994 | G15: Итого | H15: 51 | I15: 0.03183
A16: 45978 | B16: =vlookup(A16,Combine!A17:D72,4,0) -> -0.01703163 | C16: =VLOOKUP(A16,'S&P500'!A14:C67,3,0) -> -0.019471021
A17: 45971 | B17: =vlookup(A17,Combine!A18:D73,4,0) -> -0.004842615 | C17: =VLOOKUP(A17,'S&P500'!A15:C68,3,0) -> 0.00078914517 | H17: Коэффициенты | I17: Стандартная ошибка | J17: t-статистика | K17: P-Значение | L17: Нижние 95% | M17: Верхние 95% | N17: Нижние 95.0% | O17: Верхние 95.0%
A18: 45964 | B18: =vlookup(A18,Combine!A19:D74,4,0) -> -0.013142174 | C18: =VLOOKUP(A18,'S&P500'!A16:C69,3,0) -> -0.016286074 | G18: Y-пересечение | H18: -0.00147 | I18: 0.003509 | J18: -0.41904 | K18: 0.676983 | L18: -0.00852 | M18: 0.005577 | N18: -0.00852 | O18: 0.005577
A19: 45957 | B19: =vlookup(A19,Combine!A20:D75,4,0) -> -0.0082938389 | C19: =VLOOKUP(A19,'S&P500'!A17:C70,3,0) -> 0.0071425521 | G19: S&P 500 weekly excess return (return − risk-free rate) | H19: 0.116397 | I19: 0.150402 | J19: 0.773906 | K19: 0.442631 | L19: -0.18569 | M19: 0.418489 | N19: -0.18569 | O19: 0.418489
A20: 45950 | B20: =vlookup(A20,Combine!A21:D76,4,0) -> -0.0082256169 | C20: =VLOOKUP(A20,'S&P500'!A18:C71,3,0) -> 0.019159635
A21: 45943 | B21: =vlookup(A21,Combine!A22:D77,4,0) -> -0.013904983 | C21: =VLOOKUP(A21,'S&P500'!A19:C72,3,0) -> 0.01701638
A22: 45936 | B22: =vlookup(A22,Combine!A23:D78,4,0) -> -0.013714286 | C22: =VLOOKUP(A22,'S&P500'!A20:C73,3,0) -> -0.024312851
A23: 45929 | B23: =vlookup(A23,Combine!A24:D79,4,0) -> -0.011299435 | C23: =VLOOKUP(A23,'S&P500'!A21:C74,3,0) -> 0.010850881
A24: 45922 | B24: =vlookup(A24,Combine!A25:D80,4,0) -> -0.027472527 | C24: =VLOOKUP(A24,'S&P500'!A22:C75,3,0) -> -0.0031000726
A25: 45915 | B25: =vlookup(A25,Combine!A26:D81,4,0) -> 0.011111111 | C25: =VLOOKUP(A25,'S&P500'!A23:C76,3,0) -> 0.012160764
A26: 45908 | B26: =vlookup(A26,Combine!A27:D82,4,0) -> 0.071428571 | C26: =VLOOKUP(A26,'S&P500'!A24:C77,3,0) -> 0.015858983
A27: 45901 | B27: =vlookup(A27,Combine!A28:D83,4,0) -> 0.044776119 | C27: =VLOOKUP(A27,'S&P500'!A25:C78,3,0) -> 0.0032877934
A28: 45894 | B28: =vlookup(A28,Combine!A29:D84,4,0) -> 0.00124533 | C28: =VLOOKUP(A28,'S&P500'!A26:C79,3,0) -> -0.0010283118
A29: 45887 | B29: =vlookup(A29,Combine!A30:D85,4,0) -> 0.022929936 | C29: =VLOOKUP(A29,'S&P500'!A27:C80,3,0) -> 0.0026527954
A30: 45880 | B30: =vlookup(A30,Combine!A31:D86,4,0) -> 0.014211886 | C30: =VLOOKUP(A30,'S&P500'!A28:C81,3,0) -> 0.0094452574
A31: 45873 | B31: =vlookup(A31,Combine!A32:D87,4,0) -> 0.070539419 | C31: =VLOOKUP(A31,'S&P500'!A29:C82,3,0) -> 0.024276973
... A53: 45719 | B53: =vlookup(A53,Combine!A54:D109,4,0) -> -0.0064574601 | C53: =VLOOKUP(A53,'S&P500'!A51:C104,3,0) -> -0.030951381
